source,destination
books.toscrape.com,books.toscrape.com
books.toscrape.com,books.toscrape.com
books.toscrape.com,books.toscrape.com
books.toscrape.com,books.toscrape.com
books.toscrape.com,books.toscrape.com
books.toscrape.com,books.toscrape.com
books.toscrape.com,books.toscrape.com
books.toscrape.com,books.toscrape.com
books.toscrape.com,books.toscrape.com
books.toscrape.com,books.toscrape.com
books.toscrape.com,books.toscrape.com
books.toscrape.com,books.toscrape.com
books.toscrape.com,books.toscrape.com
books.toscrape.com,books.toscrape.com
books.toscrape.com,books.toscrape.com
books.toscrape.com,books.toscrape.com
books.toscrape.com,books.toscrape.com
books.toscrape.com,books.toscrape.com
